종목코드,탭코드,종목명,현재가,등락구분,전일비,등락률,순자산가치(NAV),3개월수익률,거래량,거래대금(백만),시가총액(억),유형,브랜드,인버스,레버리지,환헤지H
069500,1,KODEX 200,41930,2,270,0.65,41979.0,-3.1976,2807005,117551,54593,국내 시장지수,KODEX,False,False,False
102110,1,TIGER 200,41960,2,270,0.65,42009.0,-3.1484,992124,41597,23225,국내 시장지수,TIGER,False,False,False
153130,6,KODEX 단기채권,102885,2,10,0.01,102883.0,0.0291,7598,781,20968,채권,KODEX,False,False,False
252670,3,KODEX 200선물인버스2X,2000,5,-25,-1.23,2004.0,5.2631,113442718,227795,20042,국내 파생,KODEX,True,False,False
371460,4,TIGER 차이나전기차SOLACTIVE,16480,5,-670,-3.91,,26.3319,12395343,207101,18702,해외 주식,TIGER,False,False,False
102780,2,KODEX 삼성그룹,10455,2,75,0.72,10472.0,3.7717,153755,1603,17334,국내 업종/테마,KODEX,False,False,False
122630,3,KODEX 레버리지,26700,2,335,1.27,26817.0,-6.7901,17057498,454363,17088,국내 파생,KODEX,False,True,False
214980,6,KODEX 단기채권PLUS,103195,5,-5,0.0,103202.0,0.0436,2933600,302747,14625,채권,KODEX,False,False,False
157450,6,TIGER 단기통안채,100290,2,5,0.0,100285.0,0.0598,6491,650,14075,채권,TIGER,False,False,False
273130,6,KODEX 종합채권(AA-이상)액티브,109825,3,0,0.0,109782.0,1.3847,4443,487,14070,채권,KODEX,False,False,False
292150,2,TIGER TOP10,14475,2,110,0.77,14520.0,0.2423,109723,1586,13259,국내 업종/테마,TIGER,False,False,False
278530,1,KODEX 200TR,13735,2,100,0.73,13747.0,-3.0699,22872,313,12465,국내 시장지수,KODEX,False,False,False
133690,4,TIGER 미국나스닥100,81030,5,-300,-0.37,,18.774,155599,12605,11344,해외 주식,TIGER,False,False,False
114800,3,KODEX 인버스,3840,5,-25,-0.65,3841.0,2.949,24524051,94334,11121,국내 파생,KODEX,True,False,False
148020,1,KBSTAR 200,42010,2,250,0.6,42078.0,-3.1448,278107,11687,11070,국내 시장지수,KBSTAR,False,False,False
278540,1,KODEX MSCI Korea TR,13430,2,80,0.6,13465.0,-3.2421,361498,4850,11013,국내 시장지수,KODEX,False,False,False
305720,2,KODEX 2차전지산업,21050,2,305,1.47,21103.0,15.5958,1175281,24541,9767,국내 업종/테마,KODEX,False,False,False
139260,2,TIGER 200 IT,37205,2,920,2.54,37265.0,-1.2869,156093,5767,9257,국내 업종/테마,TIGER,False,False,False
305540,2,TIGER 2차전지테마,20040,2,375,1.91,20087.0,16.2075,1201190,23848,8928,국내 업종/테마,TIGER,False,False,False
233740,1,KODEX 코스닥150 레버리지,16620,2,220,1.34,16822.0,17.5804,5901530,97940,8576,국내 시장지수,KODEX,False,True,False
152100,1,ARIRANG 200,42565,2,260,0.61,42619.0,-2.8308,36888,1568,8300,국내 시장지수,ARIRANG,False,False,False
105190,1,KINDEX 200,42080,2,275,0.66,42130.0,-3.1865,469922,19770,7175,국내 시장지수,KINDEX,False,False,False
091180,2,KODEX 자동차,22820,2,280,1.24,22815.0,-4.7182,203756,4636,6960,국내 업종/테마,KODEX,False,False,False
310970,1,TIGER MSCI Korea TR,16910,2,135,0.8,16919.0,-3.2609,1237,20,6815,국내 시장지수,TIGER,False,False,False
364980,2,TIGER KRX2차전지K-뉴딜,16775,2,235,1.42,16804.0,5.4037,667144,11104,6349,국내 업종/테마,TIGER,False,False,False
293180,1,HANARO 200,41975,2,285,0.68,42003.0,-3.125,3240,135,6170,국내 시장지수,HANARO,False,False,False
282000,3,KBSTAR 국고채3년선물인버스,99775,2,65,0.07,99767.0,0.0551,261,26,6023,국내 파생,KBSTAR,True,False,False
381170,4,TIGER 미국테크TOP10 INDXX,12065,5,-60,-0.49,,23.2379,2409529,29013,5972,해외 주식,TIGER,False,False,False
069660,1,KOSEF 200,42010,2,265,0.63,42041.0,-3.1135,1542,64,5776,국내 시장지수,KOSEF,False,False,False
360750,4,TIGER 미국S&P500,13240,2,20,0.15,,12.3652,573239,7579,5667,해외 주식,TIGER,False,False,False
394670,4,TIGER 글로벌리튬&2차전지SOLACTIVE(합성),10830,5,-105,-0.96,,,1463688,15915,5320,해외 주식,TIGER,False,False,False
314250,4,KODEX 미국FANG플러스(H),29230,5,-120,-0.41,,10.7826,187911,5491,5291,해외 주식,KODEX,False,False,True
251340,3,KODEX 코스닥150선물인버스,4160,5,-30,-0.72,4167.0,-9.4669,27812257,115955,5113,국내 파생,KODEX,True,False,False
381180,4,TIGER 미국필라델피아반도체나스닥,10680,2,25,0.23,,11.25,716377,7633,4988,해외 주식,TIGER,False,False,False
315930,2,KODEX Top5PlusTR,19210,2,185,0.97,19203.0,-3.8298,3077,58,4975,국내 업종/테마,KODEX,False,False,False
294400,1,KOSEF 200TR,49930,2,350,0.71,49962.0,-3.152,3515,175,4943,국내 시장지수,KOSEF,False,False,False
364960,2,TIGER KRX BBIG K-뉴딜,13540,2,90,0.67,13566.0,9.4583,174743,2361,4394,국내 업종/테마,TIGER,False,False,False
229200,1,KODEX 코스닥 150,15175,2,70,0.46,15353.0,8.3541,1059595,16077,3908,국내 시장지수,KODEX,False,False,False
332500,1,KINDEX 200TR,25600,2,170,0.67,25629.0,-3.2137,542,13,3738,국내 시장지수,KINDEX,False,False,False
385540,6,KBSTAR KIS종합채권(A-이상)액티브,101215,5,-15,-0.01,101211.0,1.4432,9,0,3715,채권,KBSTAR,False,False,False
091170,2,KODEX 은행,7450,3,0,0.0,7463.0,-4.5484,573030,4265,3531,국내 업종/테마,KODEX,False,False,False
290130,2,KBSTAR ESG사회책임투자,13550,2,90,0.67,13563.0,-4.308,14742,199,3401,국내 업종/테마,KBSTAR,False,False,False
360200,4,KINDEX 미국S&P500,13340,2,15,0.11,,12.4504,266399,3550,3375,해외 주식,KINDEX,False,False,False
371160,4,TIGER 차이나항셍테크,8640,5,-120,-1.37,,-15.5426,419732,3646,3344,해외 주식,TIGER,False,False,False
226490,1,KODEX 코스피,32115,2,195,0.61,32217.0,-1.2758,9292,298,3244,국내 시장지수,KODEX,False,False,False
367770,2,KBSTAR Fn수소경제테마,12590,2,65,0.52,12594.0,0.7603,245793,3090,3022,국내 업종/테마,KBSTAR,False,False,False
251350,4,KODEX 선진국MSCI World,20630,2,40,0.19,,9.968,39617,816,2991,해외 주식,KODEX,False,False,False
332940,1,HANARO MSCI Korea TR,16900,2,220,1.32,16898.0,-3.1797,62,1,2738,국내 시장지수,HANARO,False,False,False
295040,1,SOL 200TR,14290,2,100,0.7,14305.0,-3.1843,11629,166,2722,국내 시장지수,SOL,False,False,False
143850,4,TIGER 미국S&P500선물(H),53095,2,250,0.47,,8.2466,40835,2166,2681,해외 주식,TIGER,False,False,True
108450,2,KINDEX 삼성그룹섹터가중,17355,2,145,0.84,17354.0,5.4374,11307,195,2621,국내 업종/테마,KINDEX,False,False,False
192090,4,TIGER 차이나CSI300,11570,5,-75,-0.64,,-4.6953,177540,2061,2592,해외 주식,TIGER,False,False,False
275980,4,TIGER 글로벌4차산업혁신기술(합성 H),19625,2,160,0.82,,8.0077,94371,1850,2591,해외 주식,TIGER,False,False,True
272560,6,KBSTAR 단기국공채액티브,102175,2,15,0.01,102164.0,0.0832,396421,40500,2590,채권,KBSTAR,False,False,False
357870,7,TIGER CD금리투자KIS(합성),50415,2,15,0.03,50400.0,0.1987,8721,439,2573,기타,TIGER,False,False,False
385550,6,KBSTAR KIS단기종합채권(AA-이상)액티브,100055,5,-5,0.0,100045.0,0.055,6,0,2529,채권,KBSTAR,False,False,False
091160,2,KODEX 반도체,36175,2,205,0.57,36237.0,-4.6521,101585,3669,2478,국내 업종/테마,KODEX,False,False,False
367380,4,KINDEX 미국나스닥100,13910,5,-55,-0.39,,18.8381,259411,3607,2393,해외 주식,KINDEX,False,False,False
168580,4,KINDEX 중국본토CSI300,30910,5,-175,-0.56,,-4.5546,17486,540,2380,해외 주식,KINDEX,False,False,False
132030,5,KODEX 골드선물(H),12285,5,-10,-0.08,,-4.8413,71745,880,2285,원자재,KODEX,False,False,True
196230,6,KBSTAR 단기통안채,104560,3,0,0.0,104556.0,0.0765,447473,46786,2194,채권,KBSTAR,False,False,False
261220,5,KODEX WTI원유선물(H),10635,2,240,2.31,,2.6049,389021,4127,2175,원자재,KODEX,False,False,True
332930,1,HANARO 200TR,49980,2,330,0.66,50006.0,-3.1302,92,4,2174,국내 시장지수,HANARO,False,False,False
190620,6,KINDEX 단기통안채,100430,3,0,0.0,100427.0,0.0946,663,66,2159,채권,KINDEX,False,False,False
245710,4,KINDEX 베트남VN30(합성),21490,2,60,0.28,,1.1532,39250,842,2106,해외 주식,KINDEX,False,False,False
272580,6,TIGER 단기채권액티브,50155,5,-5,-0.01,50152.0,0.0498,3501,175,2083,채권,TIGER,False,False,False
161510,2,ARIRANG 고배당주,12650,5,-35,-0.28,12680.0,-1.1333,59005,747,2061,국내 업종/테마,ARIRANG,False,False,False
326240,2,KBSTAR IT플러스,22400,2,170,0.76,22473.0,3.9684,85538,1915,1935,국내 업종/테마,KBSTAR,False,False,False
278240,1,KBSTAR 코스닥150선물레버리지,16995,2,215,1.28,17019.0,17.9389,110149,1869,1885,국내 시장지수,KBSTAR,False,True,False
232080,1,TIGER 코스닥150,15410,2,95,0.62,15566.0,8.5211,109478,1684,1825,국내 시장지수,TIGER,False,False,False
302450,1,KBSTAR 코스피,32145,2,250,0.78,32139.0,-1.7724,40,1,1816,국내 시장지수,KBSTAR,False,False,False
143860,2,TIGER 헬스케어,46550,2,180,0.39,46738.0,8.7489,136421,6364,1769,국내 업종/테마,TIGER,False,False,False
390950,6,HANARO 단기채권액티브,100125,3,0,0.0,100129.0,,0,0,1746,채권,HANARO,False,False,False
270810,1,KBSTAR 코스닥150,15115,2,110,0.73,15259.0,8.7801,51014,768,1705,국내 시장지수,KBSTAR,False,False,False
182480,7,TIGER 미국MSCI리츠(합성 H),15690,2,50,0.32,,6.5969,87407,1373,1632,기타,TIGER,False,False,True
136340,6,KBSTAR 중기우량회사채,105295,2,45,0.04,105256.0,-0.1139,4783,503,1579,채권,KBSTAR,False,False,False
372330,4,KODEX 차이나항셍테크,8670,5,-120,-1.37,,-15.4559,235779,2055,1569,해외 주식,KODEX,False,False,False
091230,2,TIGER 반도체,37090,2,260,0.71,37095.0,-4.4688,33166,1229,1550,국내 업종/테마,TIGER,False,False,False
150460,2,TIGER 중국소비테마,8970,5,-5,-0.06,8981.0,-5.4297,41589,373,1545,국내 업종/테마,TIGER,False,False,False
148070,6,KOSEF 국고채10년,121915,5,-145,-0.12,121890.0,2.2433,3628,442,1365,채권,KOSEF,False,False,False
138540,2,TIGER 현대차그룹+펀더멘털,26530,2,270,1.03,26604.0,-4.9104,25264,669,1348,국내 업종/테마,TIGER,False,False,False
219480,4,KODEX 미국S&P500선물(H),21865,2,120,0.55,,8.2693,31530,689,1301,해외 주식,KODEX,False,False,True
329750,6,TIGER 미국달러단기채권액티브,9915,5,-20,-0.2,,3.8763,50942,504,1238,채권,TIGER,False,False,False
394660,4,TIGER 글로벌자율주행&전기차SOLACTIVE,10815,2,20,0.19,,,243636,2634,1233,해외 주식,TIGER,False,False,False
298770,4,KODEX 한국대만IT프리미어,20460,2,40,0.2,,1.7404,22650,462,1228,해외 주식,KODEX,False,False,False
368590,4,KBSTAR 미국나스닥100,13470,5,-50,-0.37,,18.6784,111153,1496,1226,해외 주식,KBSTAR,False,False,False
252710,3,TIGER 200선물인버스2X,2085,5,-20,-0.95,2082.0,5.8375,3171783,6619,1220,국내 파생,TIGER,True,False,False
367760,2,KBSTAR Fn5G테크,10785,2,45,0.42,10785.0,-5.2701,54318,584,1219,국내 업종/테마,KBSTAR,False,False,False
283580,4,KODEX 차이나CSI300,13980,5,-10,-0.07,,-4.5082,38510,538,1202,해외 주식,KODEX,False,False,False
204480,4,TIGER 차이나CSI300레버리지(합성),29920,5,-335,-1.11,,-11.7665,85517,2566,1197,해외 주식,TIGER,False,True,False
379800,4,KODEX 미국S&P500TR,11575,2,20,0.17,,12.3786,136005,1572,1192,해외 주식,KODEX,False,False,False
379810,4,KODEX 미국나스닥100TR,11895,5,-40,-0.34,,18.7718,237290,2821,1166,해외 주식,KODEX,False,False,False
225040,4,TIGER 미국S&P500레버리지(합성 H),35085,2,330,0.95,,15.7538,21337,747,1158,해외 주식,TIGER,False,True,True
273140,6,KODEX 단기변동금리부채권액티브,102690,2,5,0.0,102694.0,0.1169,120,12,1141,채권,KODEX,False,False,False
328370,1,ARIRANG 코스피TR,16155,2,165,1.03,16152.0,-0.7983,91,1,1131,국내 시장지수,ARIRANG,False,False,False
267770,3,TIGER 200선물레버리지,20115,2,245,1.23,20131.0,-7.0687,447960,8988,1126,국내 파생,TIGER,False,True,False
322400,2,HANARO e커머스,20380,2,135,0.67,20426.0,7.3196,119295,2428,1111,국내 업종/테마,HANARO,False,False,False
325010,2,KODEX Fn성장,18715,2,135,0.73,18693.0,2.1561,1069,20,1085,국내 업종/테마,KODEX,False,False,False
228800,2,TIGER 여행레저,5585,2,35,0.63,5600.0,-4.6929,605091,3393,1066,국내 업종/테마,TIGER,False,False,False
139280,2,TIGER 경기방어,12695,5,-35,-0.27,12695.0,0.2764,17102,217,1051,국내 업종/테마,TIGER,False,False,False
139220,2,TIGER 200 건설,3315,2,20,0.61,3318.0,0.4545,505379,1673,1044,국내 업종/테마,TIGER,False,False,False
329200,2,TIGER 부동산인프라고배당,5855,2,15,0.26,5863.0,-0.4929,100230,585,1039,국내 업종/테마,TIGER,False,False,False
144600,5,KODEX 은선물(H),4920,5,-45,-0.91,,-14.8789,202827,997,1033,원자재,KODEX,False,False,True
364970,2,TIGER KRX바이오K-뉴딜,11005,5,-10,-0.09,11031.0,9.1224,272031,3006,1001,국내 업종/테마,TIGER,False,False,False
309230,2,KINDEX 미국WideMoat가치주,17880,5,-30,-0.17,,8.7922,87919,1572,983,국내 업종/테마,KINDEX,False,False,False
325020,2,KODEX 배당가치,13450,2,30,0.22,13443.0,-4.2023,4478,60,982,국내 업종/테마,KODEX,False,False,False
114260,6,KODEX 국고채3년,58065,2,5,0.01,58057.0,0.0775,2059,119,975,채권,KODEX,False,False,False
122260,6,KOSEF 통안채1년,101300,2,5,0.0,101306.0,0.0246,300749,30466,922,채권,KOSEF,False,False,False
117700,2,KODEX 건설,3830,2,15,0.39,3845.0,0.5249,530132,2031,919,국내 업종/테마,KODEX,False,False,False
261240,7,KODEX 미국달러선물,10230,5,-50,-0.49,10251.0,3.5425,132085,1352,902,기타,KODEX,False,False,False
395750,2,ARIRANG ESG가치주액티브,9835,2,85,0.87,9835.0,,204,2,900,국내 업종/테마,ARIRANG,False,False,False
371470,4,TIGER 차이나바이오테크SOLACTIVE,11260,2,70,0.63,,-14.5027,57213,641,896,해외 주식,TIGER,False,False,False
387280,2,TIGER 퓨처모빌리티액티브,10960,2,165,1.53,11003.0,7.2407,60110,656,892,국내 업종/테마,TIGER,False,False,False
304940,4,KODEX 미국나스닥100선물(H),19820,3,0,0.0,,14.2363,21756,431,872,해외 주식,KODEX,False,False,True
157490,2,TIGER 소프트웨어,18670,2,130,0.7,18670.0,6.5335,52343,976,844,국내 업종/테마,TIGER,False,False,False
329650,7,KODEX TRF3070,11525,5,-5,-0.04,11476.0,4.0162,124818,1438,830,기타,KODEX,False,False,False
376410,2,TIGER 탄소효율그린뉴딜,10155,2,60,0.59,10186.0,-1.6465,6673,67,812,국내 업종/테마,TIGER,False,False,False
306520,3,HANARO 200선물인버스,8820,5,-70,-0.79,8836.0,2.7972,22044,194,807,국내 파생,HANARO,True,False,False
387270,4,TIGER 글로벌BBIG액티브,11985,5,-60,-0.5,,18.7221,173489,2081,807,해외 주식,TIGER,False,False,False
385520,2,KODEX K-미래차액티브,10505,2,85,0.82,10539.0,-0.0476,98832,1038,804,국내 업종/테마,KODEX,False,False,False
266160,2,KBSTAR 고배당,12740,2,10,0.08,12759.0,-3.1474,4629,58,803,국내 업종/테마,KBSTAR,False,False,False
174360,4,KBSTAR 중국본토대형주CSI100,20390,3,0,0.0,,-9.6789,3170,64,795,해외 주식,KBSTAR,False,False,False
195930,4,TIGER 유로스탁스50(합성 H),14395,2,55,0.38,,3.2639,8754,125,792,해외 주식,TIGER,False,False,True
195980,4,ARIRANG 신흥국MSCI(합성 H),12575,3,0,0.0,,-5.8758,14385,180,744,해외 주식,ARIRANG,False,False,True
233160,1,TIGER 코스닥150 레버리지,17695,2,220,1.26,17869.0,17.5747,66614,1175,725,국내 시장지수,TIGER,False,True,False
245340,4,TIGER 미국다우존스30,20825,2,50,0.24,,7.0418,17841,371,687,해외 주식,TIGER,False,False,False
130680,5,TIGER 원유선물Enhanced(H),3220,2,70,2.22,,3.2051,344624,1108,678,원자재,TIGER,False,False,True
365000,2,TIGER KRX인터넷K-뉴딜,13220,2,80,0.61,13272.0,15.9649,309767,4094,674,국내 업종/테마,TIGER,False,False,False
114820,6,TIGER 국채3년,110665,5,-5,0.0,110670.0,0.1085,1324,146,664,채권,TIGER,False,False,False
256750,4,KODEX 차이나심천ChiNext(합성),14000,5,-180,-1.27,,0.0,47999,673,658,해외 주식,KODEX,False,False,False
228810,2,TIGER 미디어컨텐츠,8395,5,-50,-0.59,8386.0,4.9375,135847,1138,655,국내 업종/테마,TIGER,False,False,False
245360,4,TIGER 차이나HSCEI,11415,5,-70,-0.61,,-10.4706,18418,211,651,해외 주식,TIGER,False,False,False
123310,3,TIGER 인버스,4250,5,-30,-0.7,4251.0,3.0303,357969,1522,650,국내 파생,TIGER,True,False,False
305080,6,TIGER 미국채10년선물,12010,5,-45,-0.37,,5.955,53233,639,649,채권,TIGER,False,False,False
368190,2,HANARO Fn K-뉴딜디지털플러스,13420,2,75,0.56,13420.0,6.5079,8012,107,637,국내 업종/테마,HANARO,False,False,False
091220,2,TIGER 은행,7785,2,10,0.13,7795.0,-4.5956,35110,273,634,국내 업종/테마,TIGER,False,False,False
363510,6,SOL KIS단기통안채,100390,3,0,0.0,100392.0,0.0548,0,0,631,채권,SOL,False,False,False
117680,2,KODEX 철강,10070,2,50,0.5,10068.0,-2.3752,225386,2264,627,국내 업종/테마,KODEX,False,False,False
277630,1,TIGER 코스피,32440,2,210,0.65,32541.0,-1.3682,993,32,616,국내 시장지수,TIGER,False,False,False
102970,2,KODEX 증권,8480,5,-45,-0.53,8488.0,-3.7458,40469,343,606,국내 업종/테마,KODEX,False,False,False
336160,6,KBSTAR 금융채액티브,103170,5,-40,-0.04,103145.0,-0.2321,4568,471,598,채권,KBSTAR,False,False,False
266370,2,KODEX IT,20480,2,200,0.99,20507.0,-0.7512,6873,140,594,국내 업종/테마,KODEX,False,False,False
363580,2,KODEX 200IT TR,13980,2,245,1.78,14060.0,-1.8259,9280,129,573,국내 업종/테마,KODEX,False,False,False
302190,6,TIGER 중장기국채,52670,5,-25,-0.05,52622.0,1.2106,77,4,569,채권,TIGER,False,False,False
315960,2,KBSTAR 대형고배당10TR,15860,2,140,0.89,15892.0,-9.7582,8392,132,563,국내 업종/테마,KBSTAR,False,False,False
361580,1,KBSTAR 200TR,21525,2,130,0.61,21550.0,-3.0406,1037,22,560,국내 시장지수,KBSTAR,False,False,False
289260,2,TIGER MSCI KOREA ESG리더스,11850,2,135,1.15,11875.0,-1.9852,2693,31,547,국내 업종/테마,TIGER,False,False,False
385510,2,KODEX K-신재생에너지액티브,11180,2,100,0.9,11179.0,7.7071,100922,1122,537,국내 업종/테마,KODEX,False,False,False
130730,6,KOSEF 단기자금,101210,2,5,0.0,101205.0,0.0791,478638,48442,534,채권,KOSEF,False,False,False
354350,4,HANARO 글로벌럭셔리S&P(합성),17890,5,-10,-0.06,,-0.2231,25519,457,528,해외 주식,HANARO,False,False,False
304780,1,HANARO 200선물레버리지,29205,2,360,1.25,29224.0,-6.946,4055,117,526,국내 시장지수,HANARO,False,True,False
139230,2,TIGER 200 중공업,3505,2,10,0.29,3506.0,-11.1534,177017,620,519,국내 업종/테마,TIGER,False,False,False
371450,4,TIGER 글로벌클라우드컴퓨팅INDXX,12765,2,45,0.35,,24.0524,58526,746,516,해외 주식,TIGER,False,False,False
375770,2,KODEX 탄소효율그린뉴딜,10140,2,70,0.7,10170.0,-1.7442,6201,62,487,국내 업종/테마,KODEX,False,False,False
292190,1,KODEX KRX300,19420,2,210,1.09,19425.0,-2.0676,27188,527,486,국내 시장지수,KODEX,False,False,False
099140,4,KODEX 차이나H,19365,5,-75,-0.39,,-10.4302,18976,368,484,해외 주식,KODEX,False,False,False
385560,6,KBSTAR KIS국고채30년Enhanced,109505,2,825,0.76,109397.0,10.3658,269,29,482,채권,KBSTAR,False,False,False
219390,4,KBSTAR 미국S&P원유생산기업(합성 H),3790,2,115,3.13,,-12.2686,252568,956,474,해외 주식,KBSTAR,False,False,True
266360,2,KODEX 미디어&엔터테인먼트,25785,2,190,0.74,25810.0,9.6068,80839,2083,464,국내 업종/테마,KODEX,False,False,False
337160,2,KODEX 200ESG,14900,2,115,0.78,14920.0,-3.7779,17529,260,447,국내 업종/테마,KODEX,False,False,False
243880,2,TIGER 200IT레버리지,62170,2,2600,4.36,62365.0,-4.1918,12420,759,435,국내 업종/테마,TIGER,False,True,False
256440,4,KINDEX 인도네시아MSCI(합성),8270,2,10,0.12,,-1.1357,14677,121,422,해외 주식,KINDEX,False,False,False
114460,6,KINDEX 국고채3년,106730,5,-55,-0.05,106713.0,0.0609,36,3,416,채권,KINDEX,False,False,False
396510,4,TIGER 차이나클린에너지SOLACTIVE,10385,5,-125,-1.19,,,193406,2041,415,해외 주식,TIGER,False,False,False
326230,2,KBSTAR 내수주플러스,11150,2,100,0.9,11175.0,-1.7189,8932,99,415,국내 업종/테마,KBSTAR,False,False,False
337140,2,KODEX 코스피대형주,14755,2,90,0.61,14810.0,-3.1507,457,6,413,국내 업종/테마,KODEX,False,False,False
204450,4,KODEX 차이나H레버리지(H),5155,3,0,0.0,,-27.5475,148023,765,412,해외 주식,KODEX,False,True,True
395760,2,ARIRANG ESG성장주액티브,9845,2,85,0.87,9880.0,,1325,13,399,국내 업종/테마,ARIRANG,False,False,False
203780,4,TIGER 미국나스닥바이오,23130,2,155,0.67,,19.2268,27277,631,393,해외 주식,TIGER,False,False,False
379780,4,KBSTAR 미국S&P500,11500,2,5,0.04,,12.0857,50659,582,391,해외 주식,KBSTAR,False,False,False
280930,4,KODEX 미국러셀2000(H),15015,2,165,1.11,,0.4347,38606,577,390,해외 주식,KODEX,False,False,True
341850,7,TIGER KIS부동산인프라채권TR,5680,2,15,0.26,5677.0,-0.7861,15086,85,386,기타,TIGER,False,False,False
304770,1,HANARO 코스닥150,15145,3,0,0.0,15352.0,8.1013,889,13,385,국내 시장지수,HANARO,False,False,False
385720,1,TIMEFOLIO Kstock액티브,10295,2,70,0.68,10341.0,0.488,2769,28,381,국내 시장지수,TIMEFOLIO,False,False,False
123320,3,TIGER 레버리지,25365,2,295,1.18,25402.0,-6.9346,76900,1944,380,국내 파생,TIGER,False,True,False
356540,6,KINDEX KIS종합채권(AA-이상)액티브,99060,5,-190,-0.19,99187.0,1.2572,7002,693,380,채권,KINDEX,False,False,False
228790,2,TIGER 화장품,3525,3,0,0.0,3522.0,-16.3702,139423,492,374,국내 업종/테마,TIGER,False,False,False
269540,4,ARIRANG 미국S&P500(H),18680,2,110,0.59,,8.9212,12506,233,374,해외 주식,ARIRANG,False,False,True
276650,4,KBSTAR 글로벌4차산업IT(합성 H),24360,2,50,0.21,,12.7777,13490,327,365,해외 주식,KBSTAR,False,False,True
396500,2,TIGER Fn반도체TOP10,9115,2,50,0.55,9130.0,,171101,1559,365,국내 업종/테마,TIGER,False,False,False
276970,4,KODEX 미국S&P고배당커버드콜(합성 H),10575,2,30,0.28,,0.3511,29652,313,360,해외 주식,KODEX,False,False,True
310960,1,TIGER 200TR,22375,2,160,0.72,22402.0,-3.306,1195,26,358,국내 시장지수,TIGER,False,False,False
176950,6,KODEX 국채선물10년인버스,46505,2,20,0.04,46535.0,-2.362,125,5,357,채권,KODEX,True,False,False
359210,1,KODEX 코스피TR,14825,2,105,0.71,14840.0,-1.1338,26,0,356,국내 시장지수,KODEX,False,False,False
200250,4,KOSEF 인도Nifty50(합성),18645,5,-55,-0.29,,14.3514,105890,1987,345,해외 주식,KOSEF,False,False,False
244580,2,KODEX 바이오,16400,2,10,0.06,16547.0,16.7259,51610,851,341,국내 업종/테마,KODEX,False,False,False
279530,2,KODEX 고배당,10015,2,25,0.25,10026.0,-2.4355,7606,76,341,국내 업종/테마,KODEX,False,False,False
169950,4,KODEX 차이나A50,21220,2,80,0.38,,-12.3322,5641,119,340,해외 주식,KODEX,False,False,False
114470,6,KOSEF 국고채3년,112365,3,0,0.0,112362.0,0.0935,29,3,337,채권,KOSEF,False,False,False
385590,2,네비게이터 ESG액티브,9900,2,100,1.02,9917.0,-1.7858,307,3,337,국내 업종/테마,네비게이터,False,False,False
363570,6,KODEX 장기종합채권(AA-이상)액티브KAP,97880,3,0,0.0,97892.0,3.1727,1,0,336,채권,KODEX,False,False,False
227540,2,TIGER 200 헬스케어,27970,2,235,0.85,28047.0,11.9247,89819,2518,336,국내 업종/테마,TIGER,False,False,False
388280,2,KBSTAR Fn컨택트대표,9985,5,-20,-0.2,9995.0,,87755,877,335,국내 업종/테마,KBSTAR,False,False,False
272570,6,KBSTAR 중장기국공채액티브,103735,5,-55,-0.05,103712.0,0.2561,301,31,335,채권,KBSTAR,False,False,False
385600,2,네비게이터 친환경자동차밸류체인액티브,10600,2,155,1.48,10634.0,4.743,12803,135,329,국내 업종/테마,네비게이터,False,False,False
266420,2,KODEX 헬스케어,20340,2,75,0.37,20427.0,8.5958,18766,382,325,국내 업종/테마,KODEX,False,False,False
139270,2,TIGER 200 금융,7105,5,-25,-0.35,7119.0,-4.6309,71148,505,323,국내 업종/테마,TIGER,False,False,False
354500,1,KINDEX 코스닥150,15265,2,45,0.3,15336.0,8.725,2184,33,321,국내 시장지수,KINDEX,False,False,False
138230,7,KOSEF 미국달러선물,12175,5,-45,-0.37,12182.0,3.7936,5094,61,319,기타,KOSEF,False,False,False
364990,2,TIGER KRX게임K-뉴딜,12030,2,110,0.92,12040.0,7.3148,21613,258,319,국내 업종/테마,TIGER,False,False,False
252420,3,KBSTAR 200선물인버스2X,2000,5,-30,-1.48,2005.0,5.8201,229329,460,312,국내 파생,KBSTAR,True,False,False
396520,4,TIGER 차이나반도체FACTSET,9275,5,-90,-0.96,,,88219,821,304,해외 주식,TIGER,False,False,False
332620,6,ARIRANG 미국장기우량회사채,102730,5,-365,-0.35,,9.2872,3860,396,293,채권,ARIRANG,False,False,False
217780,4,TIGER 차이나CSI300인버스(합성),7700,2,15,0.2,,3.8435,4949,38,293,해외 주식,TIGER,True,False,False
252400,3,KBSTAR 200선물레버리지,24345,2,275,1.14,24362.0,-7.1511,4461,108,292,국내 파생,KBSTAR,False,True,False
292160,1,TIGER KRX300,19340,2,90,0.47,19401.0,-2.4956,178,3,290,국내 시장지수,TIGER,False,False,False
137610,5,TIGER 농산물선물Enhanced(H),6420,2,10,0.16,,-4.1792,27339,175,289,원자재,TIGER,False,False,True
319640,4,TIGER 골드선물(H),13105,5,-20,-0.15,,-4.7256,9196,120,288,해외 주식,TIGER,False,False,True
331910,2,KOSEF Fn중소형,26665,2,140,0.53,26650.0,-0.4109,74,1,283,국내 업종/테마,KOSEF,False,False,False
181480,7,KINDEX 미국다우존스리츠(합성 H),100530,5,-170,-0.17,,7.6453,18008,1813,281,기타,KINDEX,False,False,True
152870,1,파워 200,43110,2,225,0.52,43177.0,-2.6621,797,34,280,국내 시장지수,파워,False,False,False
236350,4,TIGER 인도니프티50레버리지(합성),25095,2,115,0.46,,30.0259,31250,783,276,해외 주식,TIGER,False,True,False
385710,2,TIMEFOLIO BBIG액티브,11455,2,105,0.93,11492.0,15.5903,30709,350,275,국내 업종/테마,TIMEFOLIO,False,False,False
213630,4,ARIRANG 미국다우존스고배당주(합성 H),15820,2,110,0.7,,-0.5657,4301,67,274,해외 주식,ARIRANG,False,False,True
287180,4,ARIRANG 미국나스닥기술주,24860,2,10,0.04,,18.8336,14006,348,273,해외 주식,ARIRANG,False,False,False
253250,3,KOSEF 200선물레버리지,24050,2,295,1.24,24053.0,-6.9273,6688,160,272,국내 파생,KOSEF,False,True,False
114100,6,KBSTAR 국고채3년,112890,5,-65,-0.06,112896.0,0.0709,140,15,271,채권,KBSTAR,False,False,False
266410,2,KODEX 필수소비재,9655,5,-30,-0.31,9652.0,-6.9846,8083,78,270,국내 업종/테마,KODEX,False,False,False
277540,4,KINDEX S&P아시아TOP50,14965,5,-205,-1.35,,-6.3224,3719,55,269,해외 주식,KINDEX,False,False,False
250780,3,TIGER 코스닥150선물인버스,4265,5,-30,-0.7,4274.0,-9.1587,238423,1019,269,국내 파생,TIGER,True,False,False
211900,2,KODEX 배당성장,16295,5,-25,-0.15,16296.0,2.3233,42365,689,261,국내 업종/테마,KODEX,False,False,False
117460,2,KODEX 에너지화학,19425,2,110,0.57,19489.0,-2.0177,4588,88,258,국내 업종/테마,KODEX,False,False,False
390390,4,KODEX 미국반도체MV,10630,5,-35,-0.33,,,26018,276,255,해외 주식,KODEX,False,False,False
138910,5,KODEX 구리선물(H),7920,2,50,0.64,,-6.0499,80646,637,253,원자재,KODEX,False,False,True
252410,3,KBSTAR 200선물인버스,4960,5,-30,-0.6,4962.0,3.1185,2472,12,243,국내 파생,KBSTAR,True,False,False
368680,2,KODEX Fn K-뉴딜디지털플러스,13390,2,30,0.22,13431.0,6.1014,1358,18,241,국내 업종/테마,KODEX,False,False,False
261250,7,KODEX 미국달러선물레버리지,9665,5,-60,-0.62,9674.0,7.3888,90276,870,240,기타,KODEX,False,True,False
276990,4,KODEX 글로벌4차산업로보틱스(합성),18840,2,120,0.64,,11.1176,32708,614,239,해외 주식,KODEX,False,False,False
239660,6,ARIRANG 우량회사채50 1년,108655,5,-5,0.0,108650.0,0.0046,4480,486,239,채권,ARIRANG,False,False,False
381560,2,HANARO Fn전기&수소차,10650,2,105,1.0,10655.0,3.2977,64751,689,234,국내 업종/테마,HANARO,False,False,False
377990,2,TIGER Fn신재생에너지,10595,2,50,0.47,10608.0,-0.5165,63157,668,233,국내 업종/테마,TIGER,False,False,False
160580,5,TIGER 구리실물,9905,2,15,0.15,,-7.5595,12833,126,233,원자재,TIGER,False,False,False
285690,2,FOCUS ESG리더스,11815,2,50,0.42,11844.0,-3.1558,65,0,230,국내 업종/테마,FOCUS,False,False,False
322410,2,HANARO 고배당,11510,5,-50,-0.43,11509.0,4.0687,9345,107,230,국내 업종/테마,HANARO,False,False,False
300640,2,KBSTAR 게임테마,16295,2,275,1.72,16293.0,5.4351,44160,714,228,국내 업종/테마,KBSTAR,False,False,False
227570,2,TIGER 우량가치,12865,2,10,0.08,12866.0,-0.5796,329,4,228,국내 업종/테마,TIGER,False,False,False
139250,2,TIGER 200 에너지화학,20200,2,185,0.92,20205.0,-2.5567,76964,1547,226,국내 업종/테마,TIGER,False,False,False
138520,2,TIGER 삼성그룹펀더멘털,12390,2,60,0.49,12429.0,-0.88,4295,53,225,국내 업종/테마,TIGER,False,False,False
332610,6,ARIRANG 미국단기우량회사채,97910,5,-570,-0.58,,3.6084,554,54,225,채권,ARIRANG,False,False,False
225130,4,KINDEX 골드선물 레버리지(합성 H),17250,5,-30,-0.17,,-10.1563,1533,26,224,해외 주식,KINDEX,False,True,True
140710,2,KODEX 운송,6925,5,-20,-0.29,6942.0,-6.9221,27365,190,222,국내 업종/테마,KODEX,False,False,False
237370,7,KODEX 배당성장채권혼합,12230,5,-15,-0.12,12237.0,0.6998,2403,29,220,기타,KODEX,False,False,False
304660,6,KODEX 미국채울트라30년선물(H),12680,2,20,0.16,,7.8231,25975,329,216,채권,KODEX,False,False,True
225800,3,KOSEF 미국달러선물레버리지,9205,5,-45,-0.49,9215.0,7.7238,1294,11,215,국내 파생,KOSEF,False,True,False
365040,1,TIGER AI코리아그로스액티브,14145,2,135,0.96,14158.0,-0.5624,1932,27,212,국내 시장지수,TIGER,False,False,False
306950,3,KODEX KRX300레버리지,20935,2,285,1.38,20959.0,-5.1213,4048,84,209,국내 파생,KODEX,False,True,False
337150,2,KODEX 200exTOP,14620,2,70,0.48,14634.0,-1.6813,1,0,205,국내 업종/테마,KODEX,False,False,False
388420,2,KBSTAR 비메모리반도체액티브,10110,2,155,1.56,10139.0,,124778,1256,204,국내 업종/테마,KBSTAR,False,False,False
210780,2,TIGER 코스피고배당,15330,5,-10,-0.07,15331.0,3.4762,21513,330,202,국내 업종/테마,TIGER,False,False,False
218420,4,KODEX 미국S&P에너지(합성),6600,2,160,2.48,,-7.4983,19028,124,201,해외 주식,KODEX,False,False,False
223190,2,KODEX 200가치저변동,11125,2,70,0.63,11128.0,-4.6293,560,6,200,국내 업종/테마,KODEX,False,False,False
143460,2,KINDEX 밸류대형,9935,2,65,0.66,9930.0,-5.0646,20,0,199,국내 업종/테마,KINDEX,False,False,False
292730,1,FOCUS KRX300,19500,3,0,0.0,19497.0,-1.9115,0,0,195,국내 시장지수,FOCUS,False,False,False
278620,6,ARIRANG 단기채권액티브,106085,3,0,0.0,106086.0,0.0188,360,38,193,채권,ARIRANG,False,False,False
289040,2,KODEX MSCI KOREA ESG유니버설,12515,2,55,0.44,12577.0,-3.1347,327,4,188,국내 업종/테마,KODEX,False,False,False
329660,7,KODEX TRF5050,12495,5,-10,-0.08,12492.0,5.6213,8065,100,187,기타,KODEX,False,False,False
248270,4,TIGER S&P글로벌헬스케어(합성),18705,2,160,0.86,,16.0,7093,132,187,해외 주식,TIGER,False,False,False
200030,4,KODEX 미국S&P산업재(합성),21355,2,155,0.73,,3.3639,4395,93,187,해외 주식,KODEX,False,False,False
152380,6,KODEX 국채선물10년,70425,5,-25,-0.04,70429.0,2.3842,4455,313,186,채권,KODEX,False,False,False
102960,2,KODEX 기계장비,5895,2,45,0.77,5917.0,-4.4571,86028,506,184,국내 업종/테마,KODEX,False,False,False
316670,1,KOSEF 코스닥150,7575,2,50,0.66,7636.0,8.0599,19601,147,183,국내 시장지수,KOSEF,False,False,False
211560,2,TIGER 배당성장,20220,5,-5,-0.02,20195.0,2.4316,9489,191,182,국내 업종/테마,TIGER,False,False,False
138530,2,TIGER LG그룹+펀더멘털,11215,2,310,2.84,11212.0,-6.1507,53661,595,182,국내 업종/테마,TIGER,False,False,False
237350,1,KODEX 코스피100,32160,2,220,0.69,32189.0,-3.3073,1027,32,177,국내 시장지수,KODEX,False,False,False
329670,7,KODEX TRF7030,13545,2,5,0.04,13499.0,7.8853,28395,384,176,기타,KODEX,False,False,False
360140,2,KODEX 200롱코스닥150숏선물,10935,2,45,0.41,10929.0,-11.8146,76,0,175,국내 업종/테마,KODEX,False,False,False
292500,1,SOL KRX300,19390,2,85,0.44,19446.0,-2.5629,2062,39,175,국내 시장지수,SOL,False,False,False
280320,4,KINDEX 미국IT인터넷S&P(합성 H),21770,5,-45,-0.21,,10.3675,733,15,174,해외 주식,KINDEX,False,False,True
371130,4,KINDEX 블룸버그베트남VN30선물레버리지(H),19345,2,55,0.29,,-10.2529,3151,60,174,해외 주식,KINDEX,False,True,True
230480,3,KOSEF 미국달러선물인버스2X,8135,2,40,0.49,8135.0,-7.9231,4117,33,172,국내 파생,KOSEF,True,False,False
304760,1,HANARO KRX300,19155,2,125,0.66,19181.0,-2.1956,54,1,172,국내 시장지수,HANARO,False,False,False
238720,4,KINDEX 일본Nikkei225(H),19090,2,470,2.52,,-0.157,1923,36,172,해외 주식,KINDEX,False,False,True
140700,2,KODEX 보험,6830,2,10,0.15,6839.0,4.1158,45886,313,164,국내 업종/테마,KODEX,False,False,False
272910,6,KINDEX 중장기국공채액티브,101520,5,-50,-0.05,101491.0,0.7392,2,0,159,채권,KINDEX,False,False,False
245350,4,TIGER 유로스탁스배당30,13280,2,45,0.34,,2.5878,2515,33,159,해외 주식,TIGER,False,False,False
225050,4,TIGER 유로스탁스레버리지(합성 H),10620,2,60,0.57,,6.6265,1326,14,159,해외 주식,TIGER,False,True,True
153270,1,KOSEF 코스피100,31715,2,225,0.71,31715.0,-3.3374,60,1,159,국내 시장지수,KOSEF,False,False,False
367740,2,HANARO Fn5G산업,13375,2,130,0.98,13391.0,1.6723,11415,152,154,국내 업종/테마,HANARO,False,False,False
183700,7,KBSTAR 채권혼합,64050,2,230,0.36,64078.0,-0.7208,6,0,154,기타,KBSTAR,False,False,False
241390,7,KBSTAR V&S셀렉트밸류채권혼합,12605,2,25,0.2,12612.0,-0.198,6160,77,151,기타,KBSTAR,False,False,False
182490,6,TIGER 단기선진하이일드(합성 H),12580,2,5,0.04,,1.166,941,11,151,채권,TIGER,False,False,True
284430,6,KODEX 200미국채혼합,13455,5,-25,-0.19,13457.0,2.3583,5240,70,151,채권,KODEX,False,False,False
361590,2,KBSTAR 코스피ex200,15015,2,75,0.5,15011.0,1.4869,21,0,150,국내 업종/테마,KBSTAR,False,False,False
390400,4,KODEX 미국스마트모빌리티S&P,9370,2,25,0.27,,,22841,213,150,해외 주식,KODEX,False,False,False
122090,1,ARIRANG 코스피50,29230,2,180,0.62,29303.0,-3.0032,198,5,149,국내 시장지수,ARIRANG,False,False,False
292050,1,KBSTAR KRX300,19565,2,150,0.77,19570.0,-2.0771,4263,83,147,국내 시장지수,KBSTAR,False,False,False
307010,3,KBSTAR KRX300레버리지,20860,2,295,1.43,20871.0,-4.0479,884,18,146,국내 파생,KBSTAR,False,True,False
241180,4,TIGER 일본니케이225,18170,2,340,1.91,,4.3952,32926,592,145,해외 주식,TIGER,False,False,False
276000,4,TIGER 글로벌자원생산기업(합성 H),13205,2,125,0.96,,-6.9088,320,4,145,해외 주식,TIGER,False,False,True
253150,3,ARIRANG 200선물레버리지,48395,2,800,1.68,48421.0,-7.0043,969,46,145,국내 파생,ARIRANG,False,True,False
365780,6,KINDEX 국고채10년,98210,5,-40,-0.04,98148.0,2.398,129,12,144,채권,KINDEX,False,False,False
139240,2,TIGER 200 철강소재,10135,2,25,0.25,10136.0,-0.9287,21259,215,144,국내 업종/테마,TIGER,False,False,False
269420,4,KODEX S&P글로벌인프라(합성),12335,2,45,0.37,,4.8448,15609,191,144,해외 주식,KODEX,False,False,False
391600,4,KINDEX 미국친환경그린테마INDXX,10185,2,70,0.69,,,163456,1663,143,해외 주식,KINDEX,False,False,False
375760,2,HANARO 탄소효율그린뉴딜,10150,2,80,0.79,10153.0,-1.7425,741,7,142,국내 업종/테마,HANARO,False,False,False
140950,1,파워 코스피100,32270,2,210,0.66,32405.0,-3.2065,56,1,142,국내 시장지수,파워,False,False,False
308620,6,KODEX 미국채10년선물,11810,5,-45,-0.38,,5.0711,7780,91,142,채권,KODEX,False,False,False
229720,1,KODEX KTOP30,23270,2,275,1.2,23321.0,0.6705,1835,42,140,국내 시장지수,KODEX,False,False,False
251590,2,ARIRANG 고배당저변동50,11575,5,-20,-0.17,11584.0,-0.899,3291,38,139,국내 업종/테마,ARIRANG,False,False,False
253160,3,ARIRANG 200선물인버스2X,4015,5,-55,-1.35,4013.0,5.3805,35848,144,139,국내 파생,ARIRANG,True,False,False
352560,7,KODEX 다우존스미국리츠(H),15100,2,170,1.14,,9.1829,38369,578,136,기타,KODEX,False,False,True
195920,4,TIGER 일본TOPIX(합성 H),16590,2,325,2.0,,2.6291,30209,497,133,해외 주식,TIGER,False,False,True
360150,2,KODEX 코스닥150롱코스피200숏선물,8665,5,-5,-0.06,8647.0,13.0463,598,5,130,국내 업종/테마,KODEX,False,False,False
253290,7,KBSTAR 헬스케어채권혼합,12835,2,5,0.04,12839.0,4.0113,10733,137,128,기타,KBSTAR,False,False,False
244670,2,KODEX 밸류Plus,10650,2,10,0.09,10639.0,-5.2913,857,9,128,국내 업종/테마,KODEX,False,False,False
104520,2,KOSEF 블루칩,10540,2,45,0.43,10559.0,-2.3623,933,9,126,국내 업종/테마,KOSEF,False,False,False
219900,4,KINDEX 중국본토CSI300레버리지(합성),5270,5,-15,-0.28,,-11.0549,11329,59,126,해외 주식,KINDEX,False,True,False
261070,2,TIGER 코스닥150바이오테크,13130,3,0,0.0,13298.0,5.3772,20053,264,126,국내 업종/테마,TIGER,False,False,False
279540,2,KODEX 최소변동성,12565,2,35,0.28,12571.0,1.2898,6,0,126,국내 업종/테마,KODEX,False,False,False
243890,2,TIGER 200에너지화학레버리지,20905,2,350,1.7,20943.0,-6.882,9899,205,125,국내 업종/테마,TIGER,False,True,False
310080,4,KBSTAR 중국MSCI China(H),12460,2,25,0.2,,-14.4525,184,2,125,해외 주식,KBSTAR,False,False,True
251600,7,ARIRANG 고배당주채권혼합,11245,5,-5,-0.04,11241.0,-0.3986,11684,131,124,기타,ARIRANG,False,False,False
248260,4,TIGER 일본TOPIX헬스케어(합성),12265,2,195,1.62,,11.1967,30265,371,123,해외 주식,TIGER,False,False,False
244620,2,KODEX 모멘텀Plus,13555,2,65,0.48,13548.0,7.4514,778,10,122,국내 업종/테마,KODEX,False,False,False
391590,4,KINDEX 미국스팩&IPO INDXX,10005,2,145,1.47,,,43174,431,120,해외 주식,KINDEX,False,False,False
252000,1,TIGER 200동일가중,13335,3,0,0.0,13370.0,-1.6925,0,0,120,국내 시장지수,TIGER,False,False,False
100910,1,KOSEF KRX100,6640,2,55,0.84,6642.0,-2.353,908,6,120,국내 시장지수,KOSEF,False,False,False
292750,1,ARIRANG KRX300,19360,2,220,1.15,19382.0,-2.247,20,0,116,국내 시장지수,ARIRANG,False,False,False
395160,2,KODEX Fn시스템반도체,9670,2,140,1.47,9710.0,,59398,574,116,국내 업종/테마,KODEX,False,False,False
208470,4,SOL 선진국MSCI World(합성 H),19270,2,30,0.16,,5.9373,15,0,116,해외 주식,SOL,False,False,True
270800,2,KBSTAR KQ고배당,16470,2,75,0.46,16471.0,0.7031,3221,53,115,국내 업종/테마,KBSTAR,False,False,False
265690,4,KINDEX 러시아MSCI(합성),32835,2,260,0.8,,10.4068,1485,48,115,해외 주식,KINDEX,False,False,False
139660,7,KOSEF 미국달러선물인버스,10310,2,35,0.34,10299.0,-3.9143,30,0,114,기타,KOSEF,True,False,False
196030,4,KINDEX 일본TOPIX레버리지(H),22470,2,770,3.55,,6.1157,18269,404,112,해외 주식,KINDEX,False,True,True
316300,7,KINDEX 싱가포르리츠,12445,2,70,0.57,,6.2313,10486,129,112,기타,KINDEX,False,False,False
185680,4,KODEX 미국S&P바이오(합성),34285,2,190,0.56,,10.6681,4362,149,111,해외 주식,KODEX,False,False,False
168300,1,KTOP 코스피50,29430,2,70,0.24,29606.0,-3.0154,106,3,110,국내 시장지수,KTOP,False,False,False
285000,2,KBSTAR 200IT,16625,2,405,2.5,16615.0,-1.3939,1902,31,110,국내 업종/테마,KBSTAR,False,False,False
352540,7,KODEX TSE일본리츠(H),13545,2,5,0.04,,2.4196,5980,80,108,기타,KODEX,False,False,True
368200,2,KBSTAR Fn K-뉴딜디지털플러스,13420,2,45,0.34,13430.0,6.8896,217,2,107,국내 업종/테마,KBSTAR,False,False,False
300950,2,KODEX 게임산업,13390,2,125,0.94,13388.0,0.5255,10445,138,107,국내 업종/테마,KODEX,False,False,False
108590,1,TREX 200,42815,2,265,0.62,42834.0,-2.416,30,1,107,국내 시장지수,TREX,False,False,False
152500,3,KINDEX 레버리지,10550,2,140,1.34,10569.0,-6.8433,12218,128,106,국내 파생,KINDEX,False,True,False
225030,4,TIGER 미국S&P500선물인버스(H),3690,5,-15,-0.4,,-7.8652,31780,117,105,해외 주식,TIGER,True,False,True
381570,2,HANARO Fn친환경에너지,10455,2,70,0.67,10460.0,5.7663,975,10,105,국내 업종/테마,HANARO,False,False,False
337120,2,KODEX Fn멀티팩터,14910,2,125,0.85,14899.0,-2.8348,1001,14,104,국내 업종/테마,KODEX,False,False,False
275290,2,KODEX MSCI밸류,13035,2,10,0.08,13046.0,-5.2345,19,0,104,국내 업종/테마,KODEX,False,False,False
145850,2,TREX 펀더멘탈 200,41600,2,295,0.71,41572.0,-4.4557,4,0,104,국내 업종/테마,TREX,False,False,False
375270,7,KBSTAR 글로벌데이터센터리츠나스닥(합성),12920,2,30,0.23,,13.0853,11093,143,103,기타,KBSTAR,False,False,False
342140,7,KINDEX 모닝스타싱가포르리츠채권혼합,10255,2,15,0.15,,4.006,162,1,103,기타,KINDEX,False,False,False
101280,4,KODEX 일본TOPIX100,17090,2,305,1.82,,6.6126,1237,20,103,해외 주식,KODEX,False,False,False
289250,2,TIGER MSCI KOREA ESG유니버설,12630,2,105,0.84,12629.0,-2.8088,658,8,102,국내 업종/테마,TIGER,False,False,False
253230,3,KOSEF 200선물인버스2X,1990,5,-30,-1.49,1991.0,5.5702,62062,123,102,국내 파생,KOSEF,True,False,False
225060,4,TIGER 이머징마켓MSCI레버리지(합성 H),14610,2,90,0.62,,-11.4278,49,0,102,해외 주식,TIGER,False,True,True
105780,2,KBSTAR 5대그룹주,8440,2,100,1.2,8465.0,-1.4019,3917,32,101,국내 업종/테마,KBSTAR,False,False,False
271060,5,KODEX 3대농산물선물(H),10530,2,10,0.1,,-11.2516,7198,75,101,원자재,KODEX,False,False,True
277640,2,TIGER 코스피대형주,15415,2,95,0.62,15466.0,-3.5659,2419,37,100,국내 업종/테마,TIGER,False,False,False
394350,4,KOSEF 릭소글로벌퓨처모빌리티MSCI,11000,5,-75,-0.68,,,33343,368,99,해외 주식,KOSEF,False,False,False
227830,1,ARIRANG 코스피,32970,2,315,0.96,32970.0,-0.0455,12839,422,99,국내 시장지수,ARIRANG,False,False,False
226380,2,KINDEX Fn성장소비주도주,8175,5,-20,-0.24,8173.0,-3.3688,907,7,98,국내 업종/테마,KINDEX,False,False,False
156080,1,KODEX MSCI Korea,19495,2,110,0.57,19608.0,-3.6809,55,1,97,국내 시장지수,KODEX,False,False,False
364690,1,KODEX 혁신기술테마액티브,13900,2,120,0.87,13966.0,-0.7143,1669,23,97,국내 시장지수,KODEX,False,False,False
272230,2,KINDEX 스마트밸류,16045,2,90,0.56,16046.0,-3.1684,21692,346,96,국내 업종/테마,KINDEX,False,False,False
322120,2,KINDEX 스마트퀄리티,19100,2,165,0.87,19091.0,-1.6478,40,0,96,국내 업종/테마,KINDEX,False,False,False
395150,2,KODEX Fn웹툰&드라마,9540,2,5,0.05,9551.0,,11142,106,95,국내 업종/테마,KODEX,False,False,False
266390,2,KODEX 경기소비재,13550,2,445,3.4,13540.0,0.482,16390,219,95,국내 업종/테마,KODEX,False,False,False
227550,2,TIGER 200 산업재,7290,5,-15,-0.21,7288.0,-5.8748,7074,51,95,국내 업종/테마,TIGER,False,False,False
205720,4,KINDEX 일본TOPIX인버스(합성 H),4225,5,-70,-1.63,,-3.5389,35597,150,93,해외 주식,KINDEX,True,False,True
167860,6,KOSEF 국고채10년레버리지,132595,5,-15,-0.01,132534.0,4.7933,1923,255,93,채권,KOSEF,False,True,False
322150,2,KINDEX 스마트하이베타,15445,2,120,0.78,15437.0,-2.5553,55,0,93,국내 업종/테마,KINDEX,False,False,False
137930,3,마이다스 200커버드콜5%OTM,15385,2,85,0.56,15391.0,-1.5045,2,0,92,국내 파생,마이다스,False,False,False
261120,7,TIGER 미국달러선물인버스2X,9220,2,60,0.66,9214.0,-7.7539,160,1,92,기타,TIGER,True,False,False
189400,4,ARIRANG 글로벌MSCI(합성 H),18000,5,-65,-0.36,,3.7763,1165,21,92,해외 주식,ARIRANG,False,False,True
380340,2,KINDEX Fn5G플러스,9135,2,115,1.27,9126.0,0.4398,19125,173,91,국내 업종/테마,KINDEX,False,False,False
277650,2,TIGER 코스피중형주,18170,2,20,0.11,18209.0,0.5255,36783,668,91,국내 업종/테마,TIGER,False,False,False
226980,1,KODEX 200 중소형,15130,2,30,0.2,15127.0,0.0661,1670,25,91,국내 시장지수,KODEX,False,False,False
251890,1,KINDEX 코스닥(합성),15110,2,75,0.5,15118.0,6.0723,21,0,91,국내 시장지수,KINDEX,False,False,False
397410,6,KBSTAR 국채선물5년추종인버스,50100,2,25,0.05,50091.0,,6,0,90,채권,KBSTAR,True,False,False
131890,2,KINDEX 삼성그룹동일가중,18020,2,120,0.67,18003.0,1.4068,177,3,90,국내 업종/테마,KINDEX,False,False,False
261060,2,TIGER 코스닥150IT,16570,2,65,0.39,16616.0,-0.2409,3192,52,89,국내 업종/테마,TIGER,False,False,False
272220,2,KINDEX 스마트모멘텀,17895,2,125,0.7,17888.0,-2.7974,10706,191,89,국내 업종/테마,KINDEX,False,False,False
183710,7,KBSTAR 주식혼합,44610,2,225,0.51,44669.0,-1.751,1,0,89,기타,KBSTAR,False,False,False
307510,2,TIGER 의료기기,22210,5,-50,-0.22,22309.0,18.8654,3967,88,89,국내 업종/테마,TIGER,False,False,False
159800,1,마이티 코스피100,31725,3,0,0.0,31922.0,-3.8345,0,0,89,국내 시장지수,마이티,False,False,False
291630,3,KOSEF 코스닥150선물레버리지,7280,2,95,1.32,7271.0,18.4703,2024,14,88,국내 파생,KOSEF,False,True,False
322130,2,KINDEX 스마트로우볼,17470,2,70,0.4,17472.0,-2.5927,25966,453,87,국내 업종/테마,KINDEX,False,False,False
104530,2,KOSEF 고배당,9685,5,-40,-0.41,9671.0,6.7805,3249,31,87,국내 업종/테마,KOSEF,False,False,False
394340,4,KOSEF 릭소글로벌디지털경제MSCI,10715,5,-25,-0.23,,,859,9,86,해외 주식,KOSEF,False,False,False
261140,2,TIGER 우선주,14095,2,225,1.62,14093.0,-6.0021,2003,28,85,국내 업종/테마,TIGER,False,False,False
291130,4,KINDEX 멕시코MSCI(합성),10500,5,-90,-0.85,,8.3591,668,7,84,해외 주식,KINDEX,False,False,False
333970,2,ARIRANG KS밸류가중TR,16670,2,125,0.76,16663.0,-2.4005,429,7,83,국내 업종/테마,ARIRANG,False,False,False
275280,2,KODEX MSCI모멘텀,13850,2,110,0.8,13888.0,-0.288,46,0,83,국내 업종/테마,KODEX,False,False,False
292560,7,TIGER 일본엔선물,10350,5,-35,-0.34,10380.0,3.4482,156,1,83,기타,TIGER,False,False,False
315270,2,TIGER 200커뮤니케이션서비스,34140,2,165,0.49,34238.0,2.9553,856,29,82,국내 업종/테마,TIGER,False,False,False
256450,4,ARIRANG 심천차이넥스트(합성),13590,5,-200,-1.45,,-1.2355,3308,45,82,해외 주식,ARIRANG,False,False,False
379790,4,KBSTAR 유로스탁스50(H),10825,2,45,0.42,,3.6381,12173,131,81,해외 주식,KBSTAR,False,False,True
234310,2,KBSTAR V&S셀렉트밸류,16225,2,80,0.5,16245.0,-0.4296,6,0,81,국내 업종/테마,KBSTAR,False,False,False
228820,1,TIGER KTOP30,11575,2,115,1.0,11583.0,1.0034,2079,24,81,국내 시장지수,TIGER,False,False,False
305050,1,KINDEX 코스피,32300,2,230,0.72,32281.0,-1.6743,110,3,81,국내 시장지수,KINDEX,False,False,False
174350,2,TIGER 로우볼,12580,5,-25,-0.2,12578.0,-0.5927,206,2,81,국내 업종/테마,TIGER,False,False,False
354240,7,KBSTAR 미국고정배당우선증권ICE TR,10705,2,60,0.56,,5.416,968,10,80,기타,KBSTAR,False,False,False
368470,2,KINDEX Fn K-뉴딜디지털플러스,16035,2,75,0.47,16038.0,6.3328,20,0,80,국내 업종/테마,KINDEX,False,False,False
319870,2,KBSTAR KRX300미국달러선물혼합,16005,3,0,0.0,16020.0,1.1374,47,0,80,국내 업종/테마,KBSTAR,False,False,False
289670,6,ARIRANG 국채선물10년,57025,5,-25,-0.04,57020.0,2.3053,1,0,80,채권,ARIRANG,False,False,False
395170,2,KODEX Fn Top10동일가중,9970,2,95,0.96,9978.0,,184089,1829,80,국내 업종/테마,KODEX,False,False,False
138920,5,KODEX 콩선물(H),11370,2,55,0.49,,-13.3385,1926,21,80,원자재,KODEX,False,False,True
252650,1,KODEX 200동일가중,13125,2,30,0.23,13118.0,-1.6486,173,2,79,국내 시장지수,KODEX,False,False,False
244660,2,KODEX 퀄리티Plus,11235,2,50,0.45,11262.0,-5.0698,170,1,79,국내 업종/테마,KODEX,False,False,False
371150,4,KBSTAR 차이나항셍테크,8670,5,-95,-1.08,,-15.0833,33507,292,78,해외 주식,KBSTAR,False,False,False
166400,3,TIGER 200커버드콜5%OTM,15500,3,0,0.0,15594.0,-2.2942,0,0,78,국내 파생,TIGER,False,False,False
105010,4,TIGER 라틴35,3670,5,-35,-0.94,,-2.3937,6417,23,77,해외 주식,TIGER,False,False,False
395270,2,HANARO Fn K-반도체,9600,2,155,1.64,9604.0,,19655,187,77,국내 업종/테마,HANARO,False,False,False
139320,5,TIGER 금은선물(H),9590,5,-5,-0.05,,-5.9343,2000,19,77,원자재,TIGER,False,False,True
252730,2,KBSTAR 모멘텀로우볼,17025,2,220,1.31,17014.0,1.7632,17,0,77,국내 업종/테마,KBSTAR,False,False,False
306530,3,HANARO 코스닥150선물레버리지,14680,2,165,1.14,14670.0,18.5304,739,10,76,국내 파생,HANARO,False,True,False
391670,1,HK 베스트일레븐액티브,10160,2,110,1.09,10203.0,,4793,48,76,국내 시장지수,HK,False,False,False
397420,6,KBSTAR 국채선물5년추종,49930,5,-30,-0.06,49909.0,,9,0,75,채권,KBSTAR,False,False,False
300610,2,TIGER K게임,13600,2,195,1.45,13662.0,4.0152,6955,94,75,국내 업종/테마,TIGER,False,False,False
333960,2,ARIRANG KS모멘텀가중TR,16615,2,235,1.43,16614.0,-0.8948,23,0,75,국내 업종/테마,ARIRANG,False,False,False
395290,2,HANARO Fn K-POP&미디어,9335,5,-40,-0.43,9349.0,,10936,102,75,국내 업종/테마,HANARO,False,False,False
250730,4,KBSTAR 차이나HSCEI(H),10660,5,-5,-0.05,,-14.1016,12156,130,75,해외 주식,KBSTAR,False,False,True
271050,5,KODEX WTI원유선물인버스(H),8505,5,-180,-2.07,,-4.7059,45515,388,74,원자재,KODEX,True,False,True
307520,2,TIGER 지주회사,12220,2,65,0.53,12219.0,-6.3961,2211,27,73,국내 업종/테마,TIGER,False,False,False
373490,2,KODEX K-이노베이션액티브,11235,2,55,0.49,11297.0,-1.5338,1100,12,73,국내 업종/테마,KODEX,False,False,False
298340,6,ARIRANG 국채선물3년,53620,3,0,0.0,53568.0,0.1027,0,0,73,채권,ARIRANG,False,False,False
391680,1,HK 하이볼액티브,9640,2,125,1.31,9654.0,,1288,12,72,국내 시장지수,HK,False,False,False
373790,4,KOSEF 미국방어배당성장나스닥,12025,2,45,0.38,,9.7672,2818,33,72,해외 주식,KOSEF,False,False,False
117690,4,TIGER 차이나항셍25,16030,5,-105,-0.65,,-7.7941,1176,18,72,해외 주식,TIGER,False,False,False
253280,2,KBSTAR 헬스케어,17915,2,95,0.53,17928.0,14.0356,2129,38,72,국내 업종/테마,KBSTAR,False,False,False
139290,2,TIGER 200 경기소비재,18785,2,170,0.91,18801.0,-5.9575,1010,18,71,국내 업종/테마,TIGER,False,False,False
395280,2,HANARO Fn K-게임,8875,5,-10,-0.11,8879.0,,622,5,71,국내 업종/테마,HANARO,False,False,False
314700,2,HANARO 농업융복합산업,12865,2,85,0.67,12860.0,-2.9423,581,7,71,국내 업종/테마,HANARO,False,False,False
237440,7,TIGER 경기방어채권혼합,10105,5,-15,-0.15,10097.0,0.099,2069,20,71,기타,TIGER,False,False,False
302170,6,TIGER 국채선물3년인버스,49765,3,0,0.0,49818.0,-0.0703,0,0,70,채권,TIGER,True,False,False
281990,2,KBSTAR 중소형고배당,12645,5,-5,-0.04,12643.0,0.198,7105,89,70,국내 업종/테마,KBSTAR,False,False,False
346000,6,HANARO KAP초장기국고채,47690,2,10,0.02,47676.0,5.125,20135,959,69,채권,HANARO,False,False,False
238670,7,ARIRANG 스마트베타Quality채권혼합,11390,2,35,0.31,11403.0,-0.6109,75,0,68,기타,ARIRANG,False,False,False
261110,7,TIGER 미국달러선물레버리지,9740,5,-75,-0.76,9755.0,7.4462,1097,10,68,기타,TIGER,False,True,False
289480,2,TIGER 200커버드콜ATM,11350,3,0,0.0,11417.0,0.8837,0,0,68,국내 업종/테마,TIGER,False,False,False
213610,2,KODEX 삼성그룹밸류,9695,2,35,0.36,9731.0,-0.0516,6633,64,68,국내 업종/테마,KODEX,False,False,False
192720,2,파워 고배당저변동성,31955,2,30,0.09,31994.0,-1.0682,70,2,67,국내 업종/테마,파워,False,False,False
301440,2,ARIRANG 코스피중형주,13360,2,20,0.15,13355.0,0.4133,238,3,67,국내 업종/테마,ARIRANG,False,False,False
269370,4,TIGER S&P글로벌인프라(합성),11070,2,55,0.5,,4.9687,1155,12,66,해외 주식,TIGER,False,False,False
147970,2,TIGER 모멘텀,25445,2,190,0.75,25437.0,-1.0693,90,2,66,국내 업종/테마,TIGER,False,False,False
376250,2,ARIRANG 탄소효율그린뉴딜,10130,2,100,1.0,10153.0,-1.7936,1647,16,66,국내 업종/테마,ARIRANG,False,False,False
195970,4,ARIRANG 선진국MSCI(합성 H),12640,2,180,1.44,,1.8943,15120,190,66,해외 주식,ARIRANG,False,False,True
140570,2,KBSTAR 수출주,13045,2,135,1.05,13036.0,-4.4323,66,0,65,국내 업종/테마,KBSTAR,False,False,False
292340,2,마이티 200커버드콜ATM레버리지,10865,3,0,0.0,10980.0,1.5291,0,0,65,국내 업종/테마,마이티,False,True,False
373530,4,ARIRANG 신흥국MSCI인버스(합성 H),9000,5,-35,-0.39,,3.5673,558,5,65,해외 주식,ARIRANG,True,False,True
315480,2,KBSTAR 200커뮤니케이션서비스,21220,2,25,0.12,21246.0,3.0847,63,1,64,국내 업종/테마,KBSTAR,False,False,False
333940,2,ARIRANG KS로우볼가중TR,14095,2,115,0.82,14092.0,-2.5579,18142,254,63,국내 업종/테마,ARIRANG,False,False,False
333950,2,ARIRANG KS로우사이즈가중TR,17870,2,150,0.85,17867.0,-0.5289,20,0,63,국내 업종/테마,ARIRANG,False,False,False
342600,6,KBSTAR KRX국채선물3년10년스티프너2X,51820,5,-45,-0.09,51817.0,-1.5578,6,0,62,채권,KBSTAR,False,False,False
261260,7,KODEX 미국달러선물인버스2X,9275,2,70,0.76,9260.0,-7.4813,20360,188,62,기타,KODEX,True,False,False
098560,2,TIGER 방송통신,10345,2,70,0.68,10345.0,1.6707,9461,97,62,국내 업종/테마,TIGER,False,False,False
342500,6,KBSTAR KRX국채선물3년10년스티프너,51220,5,-25,-0.05,51212.0,-0.6402,6,0,61,채권,KBSTAR,False,False,False
145670,3,KINDEX 인버스,4710,5,-20,-0.42,4700.0,3.0634,9970,46,61,국내 파생,KINDEX,True,False,False
215620,2,HK S&P코리아로우볼,12715,2,5,0.04,12711.0,-1.3577,119,1,61,국내 업종/테마,HK,False,False,False
176710,6,파워 중기국고채,100365,5,-45,-0.04,100403.0,0.0747,2,0,60,채권,파워,False,False,False
342610,6,KBSTAR KRX국채선물3년10년플래트너,49825,2,25,0.05,49807.0,0.8603,6,0,60,채권,KBSTAR,False,False,False
269530,4,ARIRANG S&P글로벌인프라,11900,2,55,0.46,,4.892,4478,53,60,해외 주식,ARIRANG,False,False,False
267440,4,KBSTAR 미국장기국채선물(H),11815,5,-20,-0.17,,5.491,227,2,59,해외 주식,KBSTAR,False,False,True
290080,2,KBSTAR 200고배당커버드콜ATM,8415,5,-55,-0.65,8433.0,2.4969,81,0,59,국내 업종/테마,KBSTAR,False,False,False
342620,6,KBSTAR KRX국채선물3년10년플래트너2X,48995,2,20,0.04,48985.0,1.3025,6,0,59,채권,KBSTAR,False,False,False
304670,4,KODEX 미국채울트라30년선물인버스(H),7210,5,-20,-0.28,,-8.2114,6076,43,58,해외 주식,KODEX,True,False,True
302180,6,TIGER 국채선물10년인버스,47815,3,0,0.0,47848.0,-2.3282,0,0,57,채권,TIGER,True,False,False
217790,2,TIGER 가격조정,25940,2,150,0.58,25929.0,-1.4251,60,1,57,국내 업종/테마,TIGER,False,False,False
275300,2,KODEX MSCI퀄리티,11265,2,25,0.22,11265.0,5.725,18936,212,56,국내 업종/테마,KODEX,False,False,False
220130,4,SOL 중국본토 중소형 CSI500(합성 H),6205,5,-20,-0.32,,8.7642,3213,20,56,해외 주식,SOL,False,False,True
261920,4,KINDEX 필리핀MSCI(합성),13850,2,165,1.21,,2.7448,5533,76,55,해외 주식,KINDEX,False,False,False
321410,7,KODEX 멀티에셋하이인컴(H),11070,5,-5,-0.05,,2.9767,401,4,55,기타,KODEX,False,False,True
334690,5,KBSTAR 팔라듐선물(H),13790,5,-135,-0.97,,-16.2975,16295,223,55,원자재,KBSTAR,False,False,True
291680,4,KBSTAR 차이나H선물인버스(H),10560,5,-30,-0.28,,12.7001,79,0,53,해외 주식,KBSTAR,True,False,True
261270,7,KODEX 미국달러선물인버스,9900,2,35,0.35,9893.0,-3.6965,2688,26,52,기타,KODEX,True,False,False
371870,4,KINDEX 차이나항셍테크,8555,5,-120,-1.38,,-15.0869,1936,16,51,해외 주식,KINDEX,False,False,False
309210,2,ARIRANG KRX300헬스케어,14130,2,55,0.39,14202.0,8.6087,3672,51,51,국내 업종/테마,ARIRANG,False,False,False
292770,6,KODEX 국채선물3년인버스,49695,3,0,0.0,49751.0,-0.0804,0,0,51,채권,KODEX,True,False,False
157500,2,TIGER 증권,4925,5,-35,-0.71,4934.0,-4.276,22942,113,50,국내 업종/테마,TIGER,False,False,False
285010,2,KBSTAR 200중공업,10850,2,45,0.42,10851.0,-10.3306,1421,15,50,국내 업종/테마,KBSTAR,False,False,False
299080,6,KINDEX 국채선물3년인버스,99455,2,40,0.04,99515.0,0.0,1,0,50,채권,KINDEX,True,False,False
280920,2,ARIRANG 주도업종,12415,2,260,2.14,12413.0,3.8477,65,0,50,국내 업종/테마,ARIRANG,False,False,False
301410,3,ARIRANG 코스닥150선물인버스,6610,5,-40,-0.6,6600.0,-9.0159,7858,51,50,국내 파생,ARIRANG,True,False,False
139310,5,TIGER 금속선물(H),7045,2,40,0.57,,-0.2125,3390,23,49,원자재,TIGER,False,False,True
295820,1,ARIRANG 200동일가중,12050,2,100,0.84,12048.0,-1.5523,51,0,48,국내 시장지수,ARIRANG,False,False,False
299070,6,KINDEX 국채선물10년인버스,94410,2,75,0.08,94421.0,-2.2115,1,0,47,채권,KINDEX,True,False,False
275750,1,KBSTAR 코스닥150선물인버스,4395,5,-20,-0.45,4397.0,-9.288,6460,28,46,국내 시장지수,KBSTAR,True,False,False
287300,2,KBSTAR 200건설,13405,2,65,0.49,13439.0,0.2617,1066,14,46,국내 업종/테마,KBSTAR,False,False,False
266550,2,ARIRANG 중형주저변동50,12390,5,-30,-0.24,12385.0,0.2021,20,0,43,국내 업종/테마,ARIRANG,False,False,False
280940,4,KODEX 골드선물인버스(H),7200,2,10,0.14,,4.5751,737,5,43,해외 주식,KODEX,True,False,True
267490,4,KBSTAR 미국장기국채선물레버리지(합성 H),13945,5,-105,-0.75,,15.8703,512,7,42,해외 주식,KBSTAR,False,True,True
333980,2,ARIRANG KS퀄리티가중TR,16425,2,180,1.11,16421.0,1.4828,15155,247,41,국내 업종/테마,ARIRANG,False,False,False
227560,2,TIGER 200 생활소비재,11385,5,-50,-0.44,11407.0,-7.5143,3474,39,41,국내 업종/테마,TIGER,False,False,False
253240,3,KOSEF 200선물인버스,4970,5,-25,-0.5,4967.0,2.7921,5396,26,41,국내 파생,KOSEF,True,False,False
291620,3,KOSEF 코스닥150선물인버스,7570,5,-50,-0.66,7570.0,-9.1782,3743,28,40,국내 파생,KOSEF,True,False,False
295020,6,KBSTAR 국채선물10년인버스,47115,2,10,0.02,47108.0,-2.4131,6,0,40,채권,KBSTAR,True,False,False
278420,2,ARIRANG ESG우수기업,9865,2,40,0.41,9867.0,-1.2019,387,3,39,국내 업종/테마,ARIRANG,False,False,False
267450,4,KBSTAR 미국장기국채선물인버스(H),7830,3,0,0.0,,-5.946,147,1,39,해외 주식,KBSTAR,True,False,True
140580,2,KBSTAR 우량업종,12860,2,90,0.7,12857.0,-5.0923,213,2,39,국내 업종/테마,KBSTAR,False,False,False
217770,4,TIGER 원유선물인버스(H),5920,5,-135,-2.23,,-5.4314,11563,68,38,해외 주식,TIGER,True,False,True
284980,2,KBSTAR 200금융,9030,5,-20,-0.22,9055.0,-4.5959,1364,12,34,국내 업종/테마,KBSTAR,False,False,False
211260,2,KINDEX 배당성장,40600,5,-105,-0.26,40537.0,2.267,10,0,32,국내 업종/테마,KINDEX,False,False,False
284990,2,KBSTAR 200에너지화학,13420,2,95,0.71,13440.0,-3.0347,199,2,32,국내 업종/테마,KBSTAR,False,False,False
291890,4,KODEX MSCI EM선물(H),10540,3,0,0.0,,-5.1732,384,4,32,해외 주식,KODEX,False,False,True
267500,4,KBSTAR 미국장기국채선물인버스2X(합성 H),5730,2,25,0.44,,-14.6051,2755,15,32,해외 주식,KBSTAR,True,False,True
301400,1,ARIRANG 코스닥150,15160,2,85,0.56,15311.0,8.1312,297,4,30,국내 시장지수,ARIRANG,False,False,False
252720,2,KBSTAR 모멘텀밸류,15030,2,195,1.31,15032.0,-3.808,26,0,30,국내 업종/테마,KBSTAR,False,False,False
285020,2,KBSTAR 200철강소재,9765,2,10,0.1,9781.0,-1.0137,3483,34,29,국내 업종/테마,KBSTAR,False,False,False
295000,6,KBSTAR 국채선물10년,56120,5,-20,-0.04,56093.0,2.4648,371,20,26,채권,KBSTAR,False,False,False
287330,2,KBSTAR 200생활소비재,8710,5,-15,-0.17,8700.0,-7.2418,288,2,21,국내 업종/테마,KBSTAR,False,False,False
334700,5,KBSTAR 팔라듐선물인버스(H),4810,2,35,0.73,,12.252,115,0,19,원자재,KBSTAR,True,False,True
287310,2,KBSTAR 200경기소비재,11650,2,120,1.04,11648.0,-5.8206,656,7,16,국내 업종/테마,KBSTAR,False,False,False
287320,2,KBSTAR 200산업재,13015,5,-65,-0.5,13005.0,-6.0967,166,2,16,국내 업종/테마,KBSTAR,False,False,False
